{
  "project_info": {
    "project_number": "868215480945",
    "project_id": "house-rental-management-83fbc",
    "storage_bucket": "house-rental-management-83fbc.appspot.com"
  },
  "client": [
    {
      "client_info": {
        "mobilesdk_app_id": "1:868215480945:android:95b446148c55f4eeb2f1d0",
        "android_client_info": {
          "package_name": "com.example.houserentalmanagement"
        }
      },
      "oauth_client": [
        {
          "client_id": "868215480945-8ob6vsg86ec2gpc2i3ke4kca9pqh5kc9.apps.googleusercontent.com",
          "client_type": 1,
          "android_info": {
            "package_name": "com.example.houserentalmanagement",
            "certificate_hash": "ceeb94533ef48ddf3764cb6074d4a044cd443640"
          }
        },
        {
          "client_id": "868215480945-ka6250de35p2luf4ccb1rr5hhb3k6ef3.apps.googleusercontent.com",
          "client_type": 3
        }
      ],
      "api_key": [
        {
          "current_key": "AIzaSyBCCnh6McHTLEZUS_qnwrPQ69gSKI9YBZE"
        }
      ],
      "services": {
        "appinvite_service": {
          "other_platform_oauth_client": [
            {
              "client_id": "868215480945-ka6250de35p2luf4ccb1rr5hhb3k6ef3.apps.googleusercontent.com",
              "client_type": 3
            }
          ]
        }
      }
    }
  ],
  "configuration_version": "1"
}